name,id,height,width
Case Case New Eco Deluxe Printeers / iPhone 8 NL,6296,1583,732
Case Case New Eco Deluxe Printeers / iPhone 8 NL,6134,1583,732
Case Case New Eco Deluxe Printeers / iPhone 8 NL,6135,1583,732
Case Case New Eco Deluxe Printeers / iPhone 8 NL,6297,1583,732
Case ECO Deluxe Printeers / iPhone XR NL,6139,1736,850
Case Standard Printeers / iPhone 11 Pro NL,6205,1630,768
Case Standard Printeers / Samsung Galaxy A70 / A70s NL,6241,1701,744
Case Anti Shock White Printeers / iPhone X/XS NL,6101,1630,780
Case Deluxe Matte Printeers / Iphone 6/7/8/SE,6292,1583,732
Case Deluxe Matte Printeers / Iphone 6/7/8/SE,6109,1583,732
Case Deluxe Matte Printeers / Iphone 6/7/8/SE,6110,1583,732
Case Deluxe Matte Printeers / Iphone 6/7/8/SE,6293,1583,732
Case Standard Printeers / Samsung Galaxy A71,6242,1843,815
Case Standard Printeers / iPhone XS Max,6230,1807,839
Case ECO Deluxe Printeers / iPhone 6 Plus/6s Plus,6295,1831,874
Case ECO Deluxe Printeers / iPhone 6 Plus/6s Plus,6130,1831,874
Case ECO Deluxe Printeers / iPhone 6 Plus/6s Plus,6131,1831,874
Case Case New Eco Deluxe Printeers / iPhone X/XS NL,6374,1677,827
Case Standard Printeers / iPhone 13 Mini NL,6211,1535,756
Case Standard Printeers / Google Pixel 6A NL,6197,1724,803
Case Standard Printeers / Samsung Galaxy A51 NL,6238,1807,803
Case Deluxe Matte Printeers / iPhone 6 Plus/6s Plus,6294,1831,874
Case Deluxe Matte Printeers / iPhone 6 Plus/6s Plus,6114,1831,874
Case Deluxe Matte Printeers / iPhone 6 Plus/6s Plus,6115,1831,874
Case Anti Shock Black Printeers / iPhone 12 NL,6081,1724,862
Case Anti Shock Black Printeers / iPhone 12 NL,6082,1724,862
Case Standard Printeers / iPhone 6/6s,6343,1594,756
Case Standard Printeers / iPhone 6/6s,6221,1594,756
Case Standard Printeers / iPhone 6/6s,6222,1594,756
Case Standard Printeers / iPhone 12 Pro Max NL,6210,1866,898
Case Case New Eco Deluxe Printeers / iPhone XS Max NL,6376,1831,886
Case Deluxe Matte Printeers / iPhone X/XS NL,6118,1630,768
Case Standard Printeers / Samsung Galaxy S20 Ultra NL,6257,1890,827
Case Standard Printeers / Huawei P30 Pro NL Unificado,6202,1807,791
Case Standard Printeers / iPhone 12 Mini NL,6209,1524,732
Case Anti Shock Black Printeers / iPhone X/XS NL,6093,1630,780
Case Case New Eco Deluxe Printeers / iPhone 6/7/8 Plus,6368,1843,898
Case Case New Eco Deluxe Printeers / iPhone 6/7/8 Plus,6401,1843,898
Case Case New Eco Deluxe Printeers / iPhone 6/7/8 Plus,6366,1843,898
Case Case New Eco Deluxe Printeers / iPhone 6/7/8 Plus,6367,1843,898
Case Standard Printeers / iPhone 13 NL,6212,1724,839
Case Standard Printeers / iPhone 13 Pro NL,6214,1724,839
Case Standard Printeers / Samsung Galaxy A50/A50s/A30 Invition,6237,1795,803
Case Standard Printeers / iPhone 11 NL,6203,1701,827
Case Deluxe Matte Printeers / iPhone XS Max,6119,1783,850
Case Deluxe Matte Printeers / Samsung Galaxy S21 Ultra NL,6122,1890,815
Case Standard Printeers / Google Pixel 7 NL,6198,1760,803
Case ECO Deluxe Printeers / Samsung Galaxy S22 NL,6150,1677,791
Case Anti Shock Black Printeers / iPhone 12 Mini NL,6079,1547,768
Case Standard Printeers / Samsung Galaxy Note 8,6248,1854,827
Case Standard Printeers / Samsung Galaxy S21 NL,6252,1724,791
Case Anti Shock Black Printeers / Samsung Galaxy Note 20 Ultra NL,6095,1925,921
Case Case New Eco Deluxe Printeers / iPhone XR NL,6375,1760,886
Case Anti Shock Black Printeers / Samsung Galaxy S20 Ultra NL,6098,1937,862
Case Case New Eco Deluxe Printeers / iPhone 13 Mini NL,6387,1547,744
Case New Eco Deluxe Magsafe Printeers / iPhone 12 NL,6330,1724,839
Case New Eco Deluxe Magsafe Printeers / iPhone 12 NL,6331,1724,839
Case Case New Eco Deluxe Printeers / iPhone 12 NL,6352,1724,839
Case Case New Eco Deluxe Printeers / iPhone 12 NL,6353,1724,839
Case Case New Eco Deluxe Printeers / Samsung Galaxy S23 Ultra NL,6379,1913,886
Case Deluxe Matte Printeers / Samsung Galaxy S21 NL,6120,1724,768
Case ECO Deluxe Printeers / Samsung Galaxy S21 NL,6147,1724,768
Case Standard Printeers / Samsung Galaxy S9 Plus,6262,1783,815
Case Standard Printeers / Google Pixel 7 Pro NL,6199,1843,827
Case Anti Shock Black Printeers / iPhone 6/6s,6084,1594,768
Case Anti Shock Black Printeers / iPhone 6/6s,6085,1594,768
Case Anti Shock Black Printeers / iPhone 6/6s,6086,1594,768
Case Deluxe Matte Printeers / Samsung Galaxy S21 Plus NL,6121,1843,827
Case Standard Printeers / iPhone X/XS NL,6228,1642,780
Case Case New Eco Deluxe Printeers / Samsung Galaxy S23 NL,6377,1713,827
Case Deluxe Matte Printeers / iPhone 13 Mini NL,6107,1535,744
Case ECO Deluxe Printeers / iPhone 12 Mini NL,6127,1535,744
Case Standard Printeers / Samsung Galaxy A32 5G NL,6236,1866,839
Case Anti Shock Black Printeers / iPhone 11 Pro NL,6078,1642,815
Case Anti Shock White Printeers / iPhone 11 Pro NL,6099,1642,815
Case Deluxe Matte Printeers / iPhone 11 Pro NL,6105,1642,815
Case ECO Deluxe Printeers / iPhone 11 Pro NL,6125,1642,815
Case New Eco Deluxe Magsafe Printeers / iPhone 12 Pro Max NL,6333,1878,909
Case New Eco Deluxe Magsafe Printeers / iPhone 13 Pro Max NL,6335,1878,909
Case Standard Printeers / Samsung Galaxy A52 5G NL,6239,1843,839
Case ECO Deluxe Printeers / Samsung Galaxy S20 Ultra NL,6145,1925,862
Case Standard Printeers / iPhone 6/7/8 Plus,6227,1819,862
Case Standard Printeers / iPhone 6/7/8 Plus,6344,1819,862
Case Standard Printeers / iPhone 6/7/8 Plus,6225,1819,862
Case Standard Printeers / iPhone 6/7/8 Plus,6226,1819,862
Case ECO Deluxe Printeers / Samsung Galaxy S21 FE NL,6146,1819,862
Case Anti Shock Black Printeers / iPhone 12 Pro Max NL,6080,1890,921
Case Standard Printeers / iPhone 12 NL,6206,1701,815
Case Standard Printeers / iPhone 12 NL,6206,1701,815
Case Deluxe Matte Printeers / iPhone 12 Pro Max NL,6106,1890,921
Case ECO Deluxe Printeers / iPhone X/XS NL,6138,1630,768
Case ECO Deluxe Printeers / Samsung Galaxy S21 Plus NL,6148,1854,850
Case Anti Shock Black Printeers / iPhone 11 NL,6076,1736,850
Case Deluxe Matte Printeers / iPhone 11 NL,6103,1736,850
Case Deluxe Matte Printeers / iPhone XR NL,6117,1736,850
,,,
Case ECO Deluxe Printeers / iPhone 11 NL,6123,1736,850
Case Case New Eco Deluxe Printeers / iPhone 12 Pro Max NL,6356,1890,909
Case Case New Eco Deluxe Printeers / iPhone 13 Pro Max NL,6359,1890,909
Case Anti Shock Black Printeers / Samsung Galaxy S10 Plus NL,6096,1819,839
Case Anti Shock Black Printeers / iPhone 6/7/8 Plus,6291,1843,874
Case Anti Shock Black Printeers / iPhone 6/7/8 Plus,6090,1843,874
Case Anti Shock Black Printeers / iPhone 6/7/8 Plus,6091,1843,874
Case ECO Deluxe Printeers / Samsung Galaxy S20 Plus NL,6144,1878,839
Case ECO Deluxe Printeers / Samsung Galaxy S21 Ultra NL,6149,1890,827
Case ECO Deluxe Printeers / iPhone 13 Mini NL,6128,1547,756
Case Case New Eco Deluxe Printeers / iPhone 11 Pro NL,6351,1665,815
Case Case New Eco Deluxe Printeers / Samsung Galaxy S23 Plus NL,6378,1843,886
Case Case New Eco Deluxe Printeers / iPhone 11 NL,6349,1783,886
Case Anti Shock White Printeers / iPhone 12 Mini NL,6100,1547,768
Case ECO Deluxe Printeers / Samsung Galaxy S22 Ultra NL,6152,1902,898
Case Case New Eco Deluxe Printeers / iPhone 12 Mini NL,6399,1535,744
Case Standard Printeers / Samsung Galaxy S9,6261,1701,744
Case Standard Printeers / Samsung Galaxy S8,6260,1701,744
Case Standard Printeers / Galaxy A40,6195,1642,744
Case Case New Eco Deluxe Printeers / iPhone 11 Pro Max NL,6350,1843,898
Case Standard Printeers / iPhone XR NL,6229,1748,839
Case Anti Shock Black Printeers / Samsung Galaxy S20 Plus NL,6097,1878,839
Case ECO Deluxe Printeers / Samsung Galaxy S20 NL,6143,1748,780
Case Standard Printeers / iPhone 5/5S,6219,1441,685
Case Standard Printeers / Samsung Galaxy S21 Plus NL,6253,1831,815
Case Standard Printeers / Samsung Galaxy S10e nl,6251,1583,756
Case Standard Printeers / Samsung Galaxy S20 Plus NL,6256,1831,815
Case Standard Printeers / Huawei P20,6200,1689,768
Case ECO Deluxe Printeers / Samsung Galaxy Note 20 Ultra NL,6141,1937,898
Case Anti Shock Black Printeers / iPhone 11 Pro Max NL,6077,1831,898
Case Anti Shock Black Printeers / iPhone XS Max,6094,1807,862
Case Anti Shock White Printeers / iPhone XS Max,6102,1807,862
Case Standard Printeers / Xiaomi Redmi Note 11 NL,6264,1854,839
Case ECO Deluxe Printeers / Samsung Galaxy S22 Plus NL,6151,1819,874
Case ECO Deluxe Printeers / Samsung Galaxy Note 10 Plus NL,6140,1890,886
Case Case New Eco Deluxe Printeers / iPhone 14 Pro Max NL,6414,1890,909
Case New Eco Deluxe Magsafe Printeers / iPhone 14 Pro Max NL,6415,1890,909
Case Standard Printeers / Samsung Galaxy S22 Ultra NL,6259,1890,850
Case Standard Printeers / Samsung Galaxy Note 10 Lite NL,6244,1866,839
Case Standard Printeers / Samsung Galaxy Note 10 Plus NL,6245,1866,839
Case Standard Printeers / iPhone 14 Plus NL,6216,1878,909
Case Standard Printeers / iPhone 14 Pro Max NL,6416,1878,909
Case New Eco Deluxe Magsafe Printeers / iPhone 14 Pro NL,6340,1724,827
Case Case New Eco Deluxe Printeers / iPhone 14 Pro NL,6364,1724,827
Case Standard Printeers / Samsung Galaxy A13 5G NL,6232,1878,850
Case Standard Printeers / Samsung Galaxy S20 NL,6254,1713,756
Case Standard Printeers / Samsung Galaxy Note 9 NL,6249,1854,827
Case Standard Printeers / Samsung Galaxy A21s NL,6234,1843,803
Case New Eco Deluxe Magsafe Printeers / iPhone 14 Plus NL,6338,1890,921
Case Case New Eco Deluxe Printeers / iPhone 14 Plus NL,6362,1890,921
Case Standard Printeers / Samsung Galaxy A20e NL,6233,1654,744
Case Standard Printeers / Samsung Galaxy A13 4G NL,6231,1890,839
Case New Eco Deluxe Magsafe Printeers / iPhone 14 NL,6337,1736,850
Case Case New Eco Deluxe Printeers / iPhone 14 NL,6361,1736,850
Case Standard Printeers / iPhone 13 Pro Max NL,6213,1878,909
Case Standard Printeers / Xiaomi Redmi Note 11 Pro 5G NL,6265,1925,886
Case Standard Printeers / Huawei P20 Pro,6201,1760,803
Case Standard Printeers / iPhone 14 NL,6215,1713,839
Case Standard Printeers / iPhone 14 Pro NL,6218,1713,839
Case New Eco Deluxe Magsafe Printeers / iPhone 13 NL,6334,1713,839
Case New Eco Deluxe Magsafe Printeers / iPhone 13 Pro NL,6336,1713,839
Case Case New Eco Deluxe Printeers / iPhone 13 NL,6358,1713,839
Case Case New Eco Deluxe Printeers / iPhone 13 Pro NL,6360,1713,839
Case Standard Printeers / Samsung Galaxy A72 5G NL,6243,1878,862
Case Standard Printeers / Samsung Galaxy A22 5G,6235,1913,850
Case Standard Printeers / Samsung Galaxy Note 20 Ultra NL,6247,1937,886
Case ECO Deluxe Printeers / Samsung Galaxy S20 FE NL,6142,1843,839
Case Standard Printeers / Google Pixel 6,6196,1772,815
Case Standard Printeers / iPhone 11 Pro Max NL,6204,1807,874
Case Standard Printeers / Samsung Galaxy S20 FE NL,6255,1807,803
Case Standard Printeers / Samsung Galaxy A53 4G/5G NL,6240,1854,862
Case ECO Deluxe Printeers / iPhone 11 Pro Max NL,6124,1831,886
Case Deluxe Matte Printeers / iPhone 11 Pro Max NL,6104,1831,886
Case ECO Deluxe Printeers / iPhone 11 Pro Max NL,6124,1831,886
Case Standard Printeers / Samsung Galaxy Note 20 NL,6246,1843,827
Case Standard Printeers / Xiaomi Redmi Note 10 4G NL,6263,1819,815
